Date,Measure Names,Measure Values
3/2/2020,Cases by Report Date,1
3/2/2020,Molecular (PCR) Positive Cases by Specimen Date,1
3/2/2020,Antigen Positive Cases by Specimen Date,0
3/2/2020,Deaths by Date of Death,
3/3/2020,Cases by Report Date,0
3/3/2020,Molecular (PCR) Positive Cases by Specimen Date,
3/3/2020,Antigen Positive Cases by Specimen Date,
3/3/2020,Deaths by Date of Death,
3/4/2020,Cases by Report Date,0
3/4/2020,Molecular (PCR) Positive Cases by Specimen Date,1
3/4/2020,Antigen Positive Cases by Specimen Date,0
3/4/2020,Deaths by Date of Death,
3/5/2020,Cases by Report Date,0
3/5/2020,Molecular (PCR) Positive Cases by Specimen Date,
3/5/2020,Antigen Positive Cases by Specimen Date,
3/5/2020,Deaths by Date of Death,
3/6/2020,Cases by Report Date,0
3/6/2020,Molecular (PCR) Positive Cases by Specimen Date,
3/6/2020,Antigen Positive Cases by Specimen Date,
3/6/2020,Deaths by Date of Death,
3/7/2020,Cases by Report Date,0
3/7/2020,Molecular (PCR) Positive Cases by Specimen Date,1
3/7/2020,Antigen Positive Cases by Specimen Date,0
3/7/2020,Deaths by Date of Death,
3/8/2020,Cases by Report Date,0
3/8/2020,Molecular (PCR) Positive Cases by Specimen Date,4
3/8/2020,Antigen Positive Cases by Specimen Date,0
3/8/2020,Deaths by Date of Death,
3/9/2020,Cases by Report Date,1
3/9/2020,Molecular (PCR) Positive Cases by Specimen Date,
3/9/2020,Antigen Positive Cases by Specimen Date,
3/9/2020,Deaths by Date of Death,
3/10/2020,Cases by Report Date,5
3/10/2020,Molecular (PCR) Positive Cases by Specimen Date,5
3/10/2020,Antigen Positive Cases by Specimen Date,0
3/10/2020,Deaths by Date of Death,
3/11/2020,Cases by Report Date,0
3/11/2020,Molecular (PCR) Positive Cases by Specimen Date,11
3/11/2020,Antigen Positive Cases by Specimen Date,0
3/11/2020,Deaths by Date of Death,
3/12/2020,Cases by Report Date,4
3/12/2020,Molecular (PCR) Positive Cases by Specimen Date,15
3/12/2020,Antigen Positive Cases by Specimen Date,0
3/12/2020,Deaths by Date of Death,1
3/13/2020,Cases by Report Date,4
3/13/2020,Molecular (PCR) Positive Cases by Specimen Date,57
3/13/2020,Antigen Positive Cases by Specimen Date,0
3/13/2020,Deaths by Date of Death,
3/14/2020,Cases by Report Date,8
3/14/2020,Molecular (PCR) Positive Cases by Specimen Date,9
3/14/2020,Antigen Positive Cases by Specimen Date,0
3/14/2020,Deaths by Date of Death,
3/15/2020,Cases by Report Date,9
3/15/2020,Molecular (PCR) Positive Cases by Specimen Date,14
3/15/2020,Antigen Positive Cases by Specimen Date,0
3/15/2020,Deaths by Date of Death,
3/16/2020,Cases by Report Date,1
3/16/2020,Molecular (PCR) Positive Cases by Specimen Date,103
3/16/2020,Antigen Positive Cases by Specimen Date,0
3/16/2020,Deaths by Date of Death,
3/17/2020,Cases by Report Date,7
3/17/2020,Molecular (PCR) Positive Cases by Specimen Date,109
3/17/2020,Antigen Positive Cases by Specimen Date,0
3/17/2020,Deaths by Date of Death,
3/18/2020,Cases by Report Date,22
3/18/2020,Molecular (PCR) Positive Cases by Specimen Date,152
3/18/2020,Antigen Positive Cases by Specimen Date,0
3/18/2020,Deaths by Date of Death,
3/19/2020,Cases by Report Date,35
3/19/2020,Molecular (PCR) Positive Cases by Specimen Date,161
3/19/2020,Antigen Positive Cases by Specimen Date,0
3/19/2020,Deaths by Date of Death,
3/20/2020,Cases by Report Date,40
3/20/2020,Molecular (PCR) Positive Cases by Specimen Date,164
3/20/2020,Antigen Positive Cases by Specimen Date,0
3/20/2020,Deaths by Date of Death,
3/21/2020,Cases by Report Date,47
3/21/2020,Molecular (PCR) Positive Cases by Specimen Date,76
3/21/2020,Antigen Positive Cases by Specimen Date,0
3/21/2020,Deaths by Date of Death,
3/22/2020,Cases by Report Date,71
3/22/2020,Molecular (PCR) Positive Cases by Specimen Date,72
3/22/2020,Antigen Positive Cases by Specimen Date,0
3/22/2020,Deaths by Date of Death,1
3/23/2020,Cases by Report Date,42
3/23/2020,Molecular (PCR) Positive Cases by Specimen Date,234
3/23/2020,Antigen Positive Cases by Specimen Date,0
3/23/2020,Deaths by Date of Death,
3/24/2020,Cases by Report Date,101
3/24/2020,Molecular (PCR) Positive Cases by Specimen Date,174
3/24/2020,Antigen Positive Cases by Specimen Date,1
3/24/2020,Deaths by Date of Death,1
3/25/2020,Cases by Report Date,106
3/25/2020,Molecular (PCR) Positive Cases by Specimen Date,199
3/25/2020,Antigen Positive Cases by Specimen Date,0
3/25/2020,Deaths by Date of Death,1
3/26/2020,Cases by Report Date,132
3/26/2020,Molecular (PCR) Positive Cases by Specimen Date,198
3/26/2020,Antigen Positive Cases by Specimen Date,0
3/26/2020,Deaths by Date of Death,1
3/27/2020,Cases by Report Date,128
3/27/2020,Molecular (PCR) Positive Cases by Specimen Date,167
3/27/2020,Antigen Positive Cases by Specimen Date,0
3/27/2020,Deaths by Date of Death,1
3/28/2020,Cases by Report Date,171
3/28/2020,Molecular (PCR) Positive Cases by Specimen Date,99
3/28/2020,Antigen Positive Cases by Specimen Date,0
3/28/2020,Deaths by Date of Death,1
3/29/2020,Cases by Report Date,232
3/29/2020,Molecular (PCR) Positive Cases by Specimen Date,75
3/29/2020,Antigen Positive Cases by Specimen Date,0
3/29/2020,Deaths by Date of Death,4
3/30/2020,Cases by Report Date,140
3/30/2020,Molecular (PCR) Positive Cases by Specimen Date,209
3/30/2020,Antigen Positive Cases by Specimen Date,0
3/30/2020,Deaths by Date of Death,2
3/31/2020,Cases by Report Date,191
3/31/2020,Molecular (PCR) Positive Cases by Specimen Date,212
3/31/2020,Antigen Positive Cases by Specimen Date,0
3/31/2020,Deaths by Date of Death,3
4/1/2020,Cases by Report Date,86
4/1/2020,Molecular (PCR) Positive Cases by Specimen Date,239
4/1/2020,Antigen Positive Cases by Specimen Date,0
4/1/2020,Deaths by Date of Death,9
4/2/2020,Cases by Report Date,273
4/2/2020,Molecular (PCR) Positive Cases by Specimen Date,222
4/2/2020,Antigen Positive Cases by Specimen Date,0
4/2/2020,Deaths by Date of Death,3
4/3/2020,Cases by Report Date,236
4/3/2020,Molecular (PCR) Positive Cases by Specimen Date,203
4/3/2020,Antigen Positive Cases by Specimen Date,0
4/3/2020,Deaths by Date of Death,11
4/4/2020,Cases by Report Date,309
4/4/2020,Molecular (PCR) Positive Cases by Specimen Date,115
4/4/2020,Antigen Positive Cases by Specimen Date,0
4/4/2020,Deaths by Date of Death,11
4/5/2020,Cases by Report Date,183
4/5/2020,Molecular (PCR) Positive Cases by Specimen Date,86
4/5/2020,Antigen Positive Cases by Specimen Date,0
4/5/2020,Deaths by Date of Death,9
4/6/2020,Cases by Report Date,285
4/6/2020,Molecular (PCR) Positive Cases by Specimen Date,398
4/6/2020,Antigen Positive Cases by Specimen Date,0
4/6/2020,Deaths by Date of Death,4
4/7/2020,Cases by Report Date,351
4/7/2020,Molecular (PCR) Positive Cases by Specimen Date,263
4/7/2020,Antigen Positive Cases by Specimen Date,0
4/7/2020,Deaths by Date of Death,9
4/8/2020,Cases by Report Date,205
4/8/2020,Molecular (PCR) Positive Cases by Specimen Date,284
4/8/2020,Antigen Positive Cases by Specimen Date,0
4/8/2020,Deaths by Date of Death,9
4/9/2020,Cases by Report Date,225
4/9/2020,Molecular (PCR) Positive Cases by Specimen Date,327
4/9/2020,Antigen Positive Cases by Specimen Date,0
4/9/2020,Deaths by Date of Death,10
4/10/2020,Cases by Report Date,257
4/10/2020,Molecular (PCR) Positive Cases by Specimen Date,317
4/10/2020,Antigen Positive Cases by Specimen Date,0
4/10/2020,Deaths by Date of Death,7
4/11/2020,Cases by Report Date,404
4/11/2020,Molecular (PCR) Positive Cases by Specimen Date,172
4/11/2020,Antigen Positive Cases by Specimen Date,0
4/11/2020,Deaths by Date of Death,9
4/12/2020,Cases by Report Date,208
4/12/2020,Molecular (PCR) Positive Cases by Specimen Date,112
4/12/2020,Antigen Positive Cases by Specimen Date,0
4/12/2020,Deaths by Date of Death,18
4/13/2020,Cases by Report Date,296
4/13/2020,Molecular (PCR) Positive Cases by Specimen Date,282
4/13/2020,Antigen Positive Cases by Specimen Date,0
4/13/2020,Deaths by Date of Death,17
4/14/2020,Cases by Report Date,208
4/14/2020,Molecular (PCR) Positive Cases by Specimen Date,284
4/14/2020,Antigen Positive Cases by Specimen Date,0
4/14/2020,Deaths by Date of Death,16
4/15/2020,Cases by Report Date,99
4/15/2020,Molecular (PCR) Positive Cases by Specimen Date,376
4/15/2020,Antigen Positive Cases by Specimen Date,1
4/15/2020,Deaths by Date of Death,23
4/16/2020,Cases by Report Date,342
4/16/2020,Molecular (PCR) Positive Cases by Specimen Date,541
4/16/2020,Antigen Positive Cases by Specimen Date,0
4/16/2020,Deaths by Date of Death,26
4/17/2020,Cases by Report Date,394
4/17/2020,Molecular (PCR) Positive Cases by Specimen Date,258
4/17/2020,Antigen Positive Cases by Specimen Date,0
4/17/2020,Deaths by Date of Death,14
4/18/2020,Cases by Report Date,281
4/18/2020,Molecular (PCR) Positive Cases by Specimen Date,139
4/18/2020,Antigen Positive Cases by Specimen Date,0
4/18/2020,Deaths by Date of Death,19
4/19/2020,Cases by Report Date,353
4/19/2020,Molecular (PCR) Positive Cases by Specimen Date,120
4/19/2020,Antigen Positive Cases by Specimen Date,0
4/19/2020,Deaths by Date of Death,15
4/20/2020,Cases by Report Date,271
4/20/2020,Molecular (PCR) Positive Cases by Specimen Date,438
4/20/2020,Antigen Positive Cases by Specimen Date,0
4/20/2020,Deaths by Date of Death,18
4/21/2020,Cases by Report Date,187
4/21/2020,Molecular (PCR) Positive Cases by Specimen Date,464
4/21/2020,Antigen Positive Cases by Specimen Date,0
4/21/2020,Deaths by Date of Death,20
4/22/2020,Cases by Report Date,269
4/22/2020,Molecular (PCR) Positive Cases by Specimen Date,437
4/22/2020,Antigen Positive Cases by Specimen Date,0
4/22/2020,Deaths by Date of Death,13
4/23/2020,Cases by Report Date,388
4/23/2020,Molecular (PCR) Positive Cases by Specimen Date,506
4/23/2020,Antigen Positive Cases by Specimen Date,0
4/23/2020,Deaths by Date of Death,17
4/24/2020,Cases by Report Date,444
4/24/2020,Molecular (PCR) Positive Cases by Specimen Date,574
4/24/2020,Antigen Positive Cases by Specimen Date,0
4/24/2020,Deaths by Date of Death,16
4/25/2020,Cases by Report Date,571
4/25/2020,Molecular (PCR) Positive Cases by Specimen Date,254
4/25/2020,Antigen Positive Cases by Specimen Date,0
4/25/2020,Deaths by Date of Death,21
4/26/2020,Cases by Report Date,207
4/26/2020,Molecular (PCR) Positive Cases by Specimen Date,120
4/26/2020,Antigen Positive Cases by Specimen Date,0
4/26/2020,Deaths by Date of Death,24
4/27/2020,Cases by Report Date,312
4/27/2020,Molecular (PCR) Positive Cases by Specimen Date,559
4/27/2020,Antigen Positive Cases by Specimen Date,0
4/27/2020,Deaths by Date of Death,15
4/28/2020,Cases by Report Date,426
4/28/2020,Molecular (PCR) Positive Cases by Specimen Date,433
4/28/2020,Antigen Positive Cases by Specimen Date,0
4/28/2020,Deaths by Date of Death,15
4/29/2020,Cases by Report Date,380
4/29/2020,Molecular (PCR) Positive Cases by Specimen Date,436
4/29/2020,Antigen Positive Cases by Specimen Date,0
4/29/2020,Deaths by Date of Death,19
4/30/2020,Cases by Report Date,561
4/30/2020,Molecular (PCR) Positive Cases by Specimen Date,459
4/30/2020,Antigen Positive Cases by Specimen Date,0
4/30/2020,Deaths by Date of Death,14
5/1/2020,Cases by Report Date,414
5/1/2020,Molecular (PCR) Positive Cases by Specimen Date,450
5/1/2020,Antigen Positive Cases by Specimen Date,0
5/1/2020,Deaths by Date of Death,17
5/2/2020,Cases by Report Date,586
5/2/2020,Molecular (PCR) Positive Cases by Specimen Date,182
5/2/2020,Antigen Positive Cases by Specimen Date,0
5/2/2020,Deaths by Date of Death,13
5/3/2020,Cases by Report Date,155
5/3/2020,Molecular (PCR) Positive Cases by Specimen Date,172
5/3/2020,Antigen Positive Cases by Specimen Date,0
5/3/2020,Deaths by Date of Death,19
5/4/2020,Cases by Report Date,184
5/4/2020,Molecular (PCR) Positive Cases by Specimen Date,688
5/4/2020,Antigen Positive Cases by Specimen Date,0
5/4/2020,Deaths by Date of Death,18
5/5/2020,Cases by Report Date,408
5/5/2020,Molecular (PCR) Positive Cases by Specimen Date,551
5/5/2020,Antigen Positive Cases by Specimen Date,0
5/5/2020,Deaths by Date of Death,25
5/6/2020,Cases by Report Date,502
5/6/2020,Molecular (PCR) Positive Cases by Specimen Date,676
5/6/2020,Antigen Positive Cases by Specimen Date,0
5/6/2020,Deaths by Date of Death,12
5/7/2020,Cases by Report Date,639
5/7/2020,Molecular (PCR) Positive Cases by Specimen Date,605
5/7/2020,Antigen Positive Cases by Specimen Date,0
5/7/2020,Deaths by Date of Death,19
5/8/2020,Cases by Report Date,471
5/8/2020,Molecular (PCR) Positive Cases by Specimen Date,538
5/8/2020,Antigen Positive Cases by Specimen Date,0
5/8/2020,Deaths by Date of Death,19
5/9/2020,Cases by Report Date,492
5/9/2020,Molecular (PCR) Positive Cases by Specimen Date,212
5/9/2020,Antigen Positive Cases by Specimen Date,0
5/9/2020,Deaths by Date of Death,11
5/10/2020,Cases by Report Date,404
5/10/2020,Molecular (PCR) Positive Cases by Specimen Date,117
5/10/2020,Antigen Positive Cases by Specimen Date,0
5/10/2020,Deaths by Date of Death,25
5/11/2020,Cases by Report Date,281
5/11/2020,Molecular (PCR) Positive Cases by Specimen Date,767
5/11/2020,Antigen Positive Cases by Specimen Date,0
5/11/2020,Deaths by Date of Death,14
5/12/2020,Cases by Report Date,301
5/12/2020,Molecular (PCR) Positive Cases by Specimen Date,678
5/12/2020,Antigen Positive Cases by Specimen Date,0
5/12/2020,Deaths by Date of Death,18
5/13/2020,Cases by Report Date,470
5/13/2020,Molecular (PCR) Positive Cases by Specimen Date,713
5/13/2020,Antigen Positive Cases by Specimen Date,0
5/13/2020,Deaths by Date of Death,14
5/14/2020,Cases by Report Date,691
5/14/2020,Molecular (PCR) Positive Cases by Specimen Date,756
5/14/2020,Antigen Positive Cases by Specimen Date,0
5/14/2020,Deaths by Date of Death,13
5/15/2020,Cases by Report Date,622
5/15/2020,Molecular (PCR) Positive Cases by Specimen Date,705
5/15/2020,Antigen Positive Cases by Specimen Date,1
5/15/2020,Deaths by Date of Death,8
5/16/2020,Cases by Report Date,853
5/16/2020,Molecular (PCR) Positive Cases by Specimen Date,286
5/16/2020,Antigen Positive Cases by Specimen Date,0
5/16/2020,Deaths by Date of Death,11
5/17/2020,Cases by Report Date,530
5/17/2020,Molecular (PCR) Positive Cases by Specimen Date,193
5/17/2020,Antigen Positive Cases by Specimen Date,0
5/17/2020,Deaths by Date of Death,15
5/18/2020,Cases by Report Date,511
5/18/2020,Molecular (PCR) Positive Cases by Specimen Date,"1,057"
5/18/2020,Antigen Positive Cases by Specimen Date,0
5/18/2020,Deaths by Date of Death,12
5/19/2020,Cases by Report Date,677
5/19/2020,Molecular (PCR) Positive Cases by Specimen Date,963
5/19/2020,Antigen Positive Cases by Specimen Date,0
5/19/2020,Deaths by Date of Death,19
5/20/2020,Cases by Report Date,423
5/20/2020,Molecular (PCR) Positive Cases by Specimen Date,839
5/20/2020,Antigen Positive Cases by Specimen Date,0
5/20/2020,Deaths by Date of Death,15
5/21/2020,Cases by Report Date,738
5/21/2020,Molecular (PCR) Positive Cases by Specimen Date,864
5/21/2020,Antigen Positive Cases by Specimen Date,0
5/21/2020,Deaths by Date of Death,18
5/22/2020,Cases by Report Date,758
5/22/2020,Molecular (PCR) Positive Cases by Specimen Date,747
5/22/2020,Antigen Positive Cases by Specimen Date,0
5/22/2020,Deaths by Date of Death,20
5/23/2020,Cases by Report Date,"1,107"
5/23/2020,Molecular (PCR) Positive Cases by Specimen Date,340
5/23/2020,Antigen Positive Cases by Specimen Date,0
5/23/2020,Deaths by Date of Death,21
5/24/2020,Cases by Report Date,497
5/24/2020,Molecular (PCR) Positive Cases by Specimen Date,258
5/24/2020,Antigen Positive Cases by Specimen Date,0
5/24/2020,Deaths by Date of Death,18
5/25/2020,Cases by Report Date,742
5/25/2020,Molecular (PCR) Positive Cases by Specimen Date,370
5/25/2020,Antigen Positive Cases by Specimen Date,0
5/25/2020,Deaths by Date of Death,32
5/26/2020,Cases by Report Date,176
5/26/2020,Molecular (PCR) Positive Cases by Specimen Date,"1,366"
5/26/2020,Antigen Positive Cases by Specimen Date,2
5/26/2020,Deaths by Date of Death,28
5/27/2020,Cases by Report Date,488
5/27/2020,Molecular (PCR) Positive Cases by Specimen Date,993
5/27/2020,Antigen Positive Cases by Specimen Date,1
5/27/2020,Deaths by Date of Death,25
5/28/2020,Cases by Report Date,784
5/28/2020,Molecular (PCR) Positive Cases by Specimen Date,"1,020"
5/28/2020,Antigen Positive Cases by Specimen Date,0
5/28/2020,Deaths by Date of Death,19
5/29/2020,Cases by Report Date,"1,076"
5/29/2020,Molecular (PCR) Positive Cases by Specimen Date,"1,116"
5/29/2020,Antigen Positive Cases by Specimen Date,0
5/29/2020,Deaths by Date of Death,20
5/30/2020,Cases by Report Date,"1,185"
5/30/2020,Molecular (PCR) Positive Cases by Specimen Date,444
5/30/2020,Antigen Positive Cases by Specimen Date,0
5/30/2020,Deaths by Date of Death,19
5/31/2020,Cases by Report Date,916
5/31/2020,Molecular (PCR) Positive Cases by Specimen Date,333
5/31/2020,Antigen Positive Cases by Specimen Date,0
5/31/2020,Deaths by Date of Death,21
6/1/2020,Cases by Report Date,674
6/1/2020,Molecular (PCR) Positive Cases by Specimen Date,"1,506"
6/1/2020,Antigen Positive Cases by Specimen Date,0
6/1/2020,Deaths by Date of Death,17
6/2/2020,Cases by Report Date,626
6/2/2020,Molecular (PCR) Positive Cases by Specimen Date,"1,265"
6/2/2020,Antigen Positive Cases by Specimen Date,0
6/2/2020,Deaths by Date of Death,20
6/3/2020,Cases by Report Date,888
6/3/2020,Molecular (PCR) Positive Cases by Specimen Date,"1,439"
6/3/2020,Antigen Positive Cases by Specimen Date,0
6/3/2020,Deaths by Date of Death,19
6/4/2020,Cases by Report Date,"1,190"
6/4/2020,Molecular (PCR) Positive Cases by Specimen Date,"1,345"
6/4/2020,Antigen Positive Cases by Specimen Date,1
6/4/2020,Deaths by Date of Death,10
6/5/2020,Cases by Report Date,"1,289"
6/5/2020,Molecular (PCR) Positive Cases by Specimen Date,"1,319"
6/5/2020,Antigen Positive Cases by Specimen Date,0
6/5/2020,Deaths by Date of Death,20
6/6/2020,Cases by Report Date,"1,370"
6/6/2020,Molecular (PCR) Positive Cases by Specimen Date,484
6/6/2020,Antigen Positive Cases by Specimen Date,0
6/6/2020,Deaths by Date of Death,17
6/7/2020,Cases by Report Date,921
6/7/2020,Molecular (PCR) Positive Cases by Specimen Date,433
6/7/2020,Antigen Positive Cases by Specimen Date,0
6/7/2020,Deaths by Date of Death,13
6/8/2020,Cases by Report Date,938
6/8/2020,Molecular (PCR) Positive Cases by Specimen Date,"1,655"
6/8/2020,Antigen Positive Cases by Specimen Date,0
6/8/2020,Deaths by Date of Death,21
6/9/2020,Cases by Report Date,676
6/9/2020,Molecular (PCR) Positive Cases by Specimen Date,"1,547"
6/9/2020,Antigen Positive Cases by Specimen Date,0
6/9/2020,Deaths by Date of Death,13
6/10/2020,Cases by Report Date,"1,011"
6/10/2020,Molecular (PCR) Positive Cases by Specimen Date,"1,446"
6/10/2020,Antigen Positive Cases by Specimen Date,1
6/10/2020,Deaths by Date of Death,12
6/11/2020,Cases by Report Date,"1,310"
6/11/2020,Molecular (PCR) Positive Cases by Specimen Date,"1,430"
6/11/2020,Antigen Positive Cases by Specimen Date,1
6/11/2020,Deaths by Date of Death,12
6/12/2020,Cases by Report Date,"1,768"
6/12/2020,Molecular (PCR) Positive Cases by Specimen Date,"1,435"
6/12/2020,Antigen Positive Cases by Specimen Date,0
6/12/2020,Deaths by Date of Death,12
6/13/2020,Cases by Report Date,"1,429"
6/13/2020,Molecular (PCR) Positive Cases by Specimen Date,683
6/13/2020,Antigen Positive Cases by Specimen Date,2
6/13/2020,Deaths by Date of Death,21
6/14/2020,Cases by Report Date,"1,444"
6/14/2020,Molecular (PCR) Positive Cases by Specimen Date,545
6/14/2020,Antigen Positive Cases by Specimen Date,1
6/14/2020,Deaths by Date of Death,23
6/15/2020,Cases by Report Date,983
6/15/2020,Molecular (PCR) Positive Cases by Specimen Date,"1,685"
6/15/2020,Antigen Positive Cases by Specimen Date,0
6/15/2020,Deaths by Date of Death,8
6/16/2020,Cases by Report Date,751
6/16/2020,Molecular (PCR) Positive Cases by Specimen Date,"1,578"
6/16/2020,Antigen Positive Cases by Specimen Date,0
6/16/2020,Deaths by Date of Death,9
6/17/2020,Cases by Report Date,"1,002"
6/17/2020,Molecular (PCR) Positive Cases by Specimen Date,"1,708"
6/17/2020,Antigen Positive Cases by Specimen Date,1
6/17/2020,Deaths by Date of Death,13
6/18/2020,Cases by Report Date,"1,335"
6/18/2020,Molecular (PCR) Positive Cases by Specimen Date,"1,769"
6/18/2020,Antigen Positive Cases by Specimen Date,3
6/18/2020,Deaths by Date of Death,15
6/19/2020,Cases by Report Date,"1,655"
6/19/2020,Molecular (PCR) Positive Cases by Specimen Date,"1,612"
6/19/2020,Antigen Positive Cases by Specimen Date,5
6/19/2020,Deaths by Date of Death,17
6/20/2020,Cases by Report Date,"1,549"
6/20/2020,Molecular (PCR) Positive Cases by Specimen Date,757
6/20/2020,Antigen Positive Cases by Specimen Date,1
6/20/2020,Deaths by Date of Death,12
6/21/2020,Cases by Report Date,"1,412"
6/21/2020,Molecular (PCR) Positive Cases by Specimen Date,698
6/21/2020,Antigen Positive Cases by Specimen Date,0
6/21/2020,Deaths by Date of Death,19
6/22/2020,Cases by Report Date,805
6/22/2020,Molecular (PCR) Positive Cases by Specimen Date,"2,026"
6/22/2020,Antigen Positive Cases by Specimen Date,3
6/22/2020,Deaths by Date of Death,9
6/23/2020,Cases by Report Date,854
6/23/2020,Molecular (PCR) Positive Cases by Specimen Date,"2,085"
6/23/2020,Antigen Positive Cases by Specimen Date,9
6/23/2020,Deaths by Date of Death,18
6/24/2020,Cases by Report Date,"1,724"
6/24/2020,Molecular (PCR) Positive Cases by Specimen Date,"1,898"
6/24/2020,Antigen Positive Cases by Specimen Date,10
6/24/2020,Deaths by Date of Death,12
6/25/2020,Cases by Report Date,"1,024"
6/25/2020,Molecular (PCR) Positive Cases by Specimen Date,"1,955"
6/25/2020,Antigen Positive Cases by Specimen Date,8
6/25/2020,Deaths by Date of Death,17
6/26/2020,Cases by Report Date,"1,649"
6/26/2020,Molecular (PCR) Positive Cases by Specimen Date,"1,964"
6/26/2020,Antigen Positive Cases by Specimen Date,18
6/26/2020,Deaths by Date of Death,15
6/27/2020,Cases by Report Date,"1,720"
6/27/2020,Molecular (PCR) Positive Cases by Specimen Date,937
6/27/2020,Antigen Positive Cases by Specimen Date,0
6/27/2020,Deaths by Date of Death,12
6/28/2020,Cases by Report Date,"1,605"
6/28/2020,Molecular (PCR) Positive Cases by Specimen Date,"1,046"
6/28/2020,Antigen Positive Cases by Specimen Date,1
6/28/2020,Deaths by Date of Death,12
6/29/2020,Cases by Report Date,"1,349"
6/29/2020,Molecular (PCR) Positive Cases by Specimen Date,"2,518"
6/29/2020,Antigen Positive Cases by Specimen Date,16
6/29/2020,Deaths by Date of Death,17
6/30/2020,Cases by Report Date,"1,196"
6/30/2020,Molecular (PCR) Positive Cases by Specimen Date,"2,314"
6/30/2020,Antigen Positive Cases by Specimen Date,13
6/30/2020,Deaths by Date of Death,22
7/1/2020,Cases by Report Date,"1,862"
7/1/2020,Molecular (PCR) Positive Cases by Specimen Date,"2,069"
7/1/2020,Antigen Positive Cases by Specimen Date,11
7/1/2020,Deaths by Date of Death,11
7/2/2020,Cases by Report Date,"1,639"
7/2/2020,Molecular (PCR) Positive Cases by Specimen Date,"2,027"
7/2/2020,Antigen Positive Cases by Specimen Date,13
7/2/2020,Deaths by Date of Death,10
7/3/2020,Cases by Report Date,"2,102"
7/3/2020,Molecular (PCR) Positive Cases by Specimen Date,"1,356"
7/3/2020,Antigen Positive Cases by Specimen Date,10
7/3/2020,Deaths by Date of Death,12
7/4/2020,Cases by Report Date,"1,419"
7/4/2020,Molecular (PCR) Positive Cases by Specimen Date,583
7/4/2020,Antigen Positive Cases by Specimen Date,8
7/4/2020,Deaths by Date of Death,17
7/5/2020,Cases by Report Date,"1,330"
7/5/2020,Molecular (PCR) Positive Cases by Specimen Date,766
7/5/2020,Antigen Positive Cases by Specimen Date,3
7/5/2020,Deaths by Date of Death,19
7/6/2020,Cases by Report Date,"1,563"
7/6/2020,Molecular (PCR) Positive Cases by Specimen Date,"2,527"
7/6/2020,Antigen Positive Cases by Specimen Date,22
7/6/2020,Deaths by Date of Death,19
7/7/2020,Cases by Report Date,"1,367"
7/7/2020,Molecular (PCR) Positive Cases by Specimen Date,"2,803"
7/7/2020,Antigen Positive Cases by Specimen Date,22
7/7/2020,Deaths by Date of Death,14
7/8/2020,Cases by Report Date,"1,449"
7/8/2020,Molecular (PCR) Positive Cases by Specimen Date,"2,553"
7/8/2020,Antigen Positive Cases by Specimen Date,20
7/8/2020,Deaths by Date of Death,17
7/9/2020,Cases by Report Date,"2,059"
7/9/2020,Molecular (PCR) Positive Cases by Specimen Date,"2,157"
7/9/2020,Antigen Positive Cases by Specimen Date,29
7/9/2020,Deaths by Date of Death,12
7/10/2020,Cases by Report Date,"2,007"
7/10/2020,Molecular (PCR) Positive Cases by Specimen Date,"2,136"
7/10/2020,Antigen Positive Cases by Specimen Date,28
7/10/2020,Deaths by Date of Death,24
7/11/2020,Cases by Report Date,"2,467"
7/11/2020,Molecular (PCR) Positive Cases by Specimen Date,988
7/11/2020,Antigen Positive Cases by Specimen Date,12
7/11/2020,Deaths by Date of Death,17
7/12/2020,Cases by Report Date,"1,909"
7/12/2020,Molecular (PCR) Positive Cases by Specimen Date,862
7/12/2020,Antigen Positive Cases by Specimen Date,3
7/12/2020,Deaths by Date of Death,26
7/13/2020,Cases by Report Date,"1,846"
7/13/2020,Molecular (PCR) Positive Cases by Specimen Date,"2,482"
7/13/2020,Antigen Positive Cases by Specimen Date,33
7/13/2020,Deaths by Date of Death,13
7/14/2020,Cases by Report Date,"1,991"
7/14/2020,Molecular (PCR) Positive Cases by Specimen Date,"2,450"
7/14/2020,Antigen Positive Cases by Specimen Date,57
7/14/2020,Deaths by Date of Death,25
7/15/2020,Cases by Report Date,"1,816"
7/15/2020,Molecular (PCR) Positive Cases by Specimen Date,"2,237"
7/15/2020,Antigen Positive Cases by Specimen Date,38
7/15/2020,Deaths by Date of Death,16
7/16/2020,Cases by Report Date,"2,191"
7/16/2020,Molecular (PCR) Positive Cases by Specimen Date,"2,082"
7/16/2020,Antigen Positive Cases by Specimen Date,41
7/16/2020,Deaths by Date of Death,22
7/17/2020,Cases by Report Date,"2,082"
7/17/2020,Molecular (PCR) Positive Cases by Specimen Date,"1,940"
7/17/2020,Antigen Positive Cases by Specimen Date,31
7/17/2020,Deaths by Date of Death,23
7/18/2020,Cases by Report Date,"2,486"
7/18/2020,Molecular (PCR) Positive Cases by Specimen Date,966
7/18/2020,Antigen Positive Cases by Specimen Date,4
7/18/2020,Deaths by Date of Death,17
7/19/2020,Cases by Report Date,"1,820"
7/19/2020,Molecular (PCR) Positive Cases by Specimen Date,817
7/19/2020,Antigen Positive Cases by Specimen Date,5
7/19/2020,Deaths by Date of Death,20
7/20/2020,Cases by Report Date,"1,291"
7/20/2020,Molecular (PCR) Positive Cases by Specimen Date,"2,324"
7/20/2020,Antigen Positive Cases by Specimen Date,43
7/20/2020,Deaths by Date of Death,30
7/21/2020,Cases by Report Date,"1,863"
7/21/2020,Molecular (PCR) Positive Cases by Specimen Date,"2,277"
7/21/2020,Antigen Positive Cases by Specimen Date,66
7/21/2020,Deaths by Date of Death,24
7/22/2020,Cases by Report Date,"2,191"
7/22/2020,Molecular (PCR) Positive Cases by Specimen Date,"2,011"
7/22/2020,Antigen Positive Cases by Specimen Date,72
7/22/2020,Deaths by Date of Death,27
7/23/2020,Cases by Report Date,"1,945"
7/23/2020,Molecular (PCR) Positive Cases by Specimen Date,"1,828"
7/23/2020,Antigen Positive Cases by Specimen Date,58
7/23/2020,Deaths by Date of Death,29
7/24/2020,Cases by Report Date,"2,145"
7/24/2020,Molecular (PCR) Positive Cases by Specimen Date,"1,958"
7/24/2020,Antigen Positive Cases by Specimen Date,52
7/24/2020,Deaths by Date of Death,22
7/25/2020,Cases by Report Date,"2,114"
7/25/2020,Molecular (PCR) Positive Cases by Specimen Date,872
7/25/2020,Antigen Positive Cases by Specimen Date,25
7/25/2020,Deaths by Date of Death,23
7/26/2020,Cases by Report Date,"1,645"
7/26/2020,Molecular (PCR) Positive Cases by Specimen Date,710
7/26/2020,Antigen Positive Cases by Specimen Date,18
7/26/2020,Deaths by Date of Death,21
7/27/2020,Cases by Report Date,"1,685"
7/27/2020,Molecular (PCR) Positive Cases by Specimen Date,"2,121"
7/27/2020,Antigen Positive Cases by Specimen Date,66
7/27/2020,Deaths by Date of Death,31
7/28/2020,Cases by Report Date,"1,805"
7/28/2020,Molecular (PCR) Positive Cases by Specimen Date,"2,009"
7/28/2020,Antigen Positive Cases by Specimen Date,72
7/28/2020,Deaths by Date of Death,25
7/29/2020,Cases by Report Date,"1,826"
7/29/2020,Molecular (PCR) Positive Cases by Specimen Date,"1,832"
7/29/2020,Antigen Positive Cases by Specimen Date,81
7/29/2020,Deaths by Date of Death,25
7/30/2020,Cases by Report Date,"2,411"
7/30/2020,Molecular (PCR) Positive Cases by Specimen Date,"1,800"
7/30/2020,Antigen Positive Cases by Specimen Date,55
7/30/2020,Deaths by Date of Death,32
7/31/2020,Cases by Report Date,"2,018"
7/31/2020,Molecular (PCR) Positive Cases by Specimen Date,"1,717"
7/31/2020,Antigen Positive Cases by Specimen Date,49
7/31/2020,Deaths by Date of Death,30
8/1/2020,Cases by Report Date,"1,753"
8/1/2020,Molecular (PCR) Positive Cases by Specimen Date,774
8/1/2020,Antigen Positive Cases by Specimen Date,11
8/1/2020,Deaths by Date of Death,41
8/2/2020,Cases by Report Date,"1,362"
8/2/2020,Molecular (PCR) Positive Cases by Specimen Date,709
8/2/2020,Antigen Positive Cases by Specimen Date,20
8/2/2020,Deaths by Date of Death,23
8/3/2020,Cases by Report Date,"1,388"
8/3/2020,Molecular (PCR) Positive Cases by Specimen Date,"1,907"
8/3/2020,Antigen Positive Cases by Specimen Date,96
8/3/2020,Deaths by Date of Death,24
8/4/2020,Cases by Report Date,"1,694"
8/4/2020,Molecular (PCR) Positive Cases by Specimen Date,"1,538"
8/4/2020,Antigen Positive Cases by Specimen Date,55
8/4/2020,Deaths by Date of Death,33
8/5/2020,Cases by Report Date,"1,185"
8/5/2020,Molecular (PCR) Positive Cases by Specimen Date,"1,726"
8/5/2020,Antigen Positive Cases by Specimen Date,52
8/5/2020,Deaths by Date of Death,24
8/6/2020,Cases by Report Date,"2,049"
8/6/2020,Molecular (PCR) Positive Cases by Specimen Date,"1,476"
8/6/2020,Antigen Positive Cases by Specimen Date,82
8/6/2020,Deaths by Date of Death,24
8/7/2020,Cases by Report Date,"1,582"
8/7/2020,Molecular (PCR) Positive Cases by Specimen Date,"1,406"
8/7/2020,Antigen Positive Cases by Specimen Date,35
8/7/2020,Deaths by Date of Death,38
8/8/2020,Cases by Report Date,"1,987"
8/8/2020,Molecular (PCR) Positive Cases by Specimen Date,718
8/8/2020,Antigen Positive Cases by Specimen Date,16
8/8/2020,Deaths by Date of Death,22
8/9/2020,Cases by Report Date,"1,626"
8/9/2020,Molecular (PCR) Positive Cases by Specimen Date,581
8/9/2020,Antigen Positive Cases by Specimen Date,14
8/9/2020,Deaths by Date of Death,35
8/10/2020,Cases by Report Date,512
8/10/2020,Molecular (PCR) Positive Cases by Specimen Date,"1,730"
8/10/2020,Antigen Positive Cases by Specimen Date,76
8/10/2020,Deaths by Date of Death,33
8/11/2020,Cases by Report Date,"1,131"
8/11/2020,Molecular (PCR) Positive Cases by Specimen Date,"1,477"
8/11/2020,Antigen Positive Cases by Specimen Date,101
8/11/2020,Deaths by Date of Death,29
8/12/2020,Cases by Report Date,"1,308"
8/12/2020,Molecular (PCR) Positive Cases by Specimen Date,"1,503"
8/12/2020,Antigen Positive Cases by Specimen Date,81
8/12/2020,Deaths by Date of Death,32
8/13/2020,Cases by Report Date,"1,978"
8/13/2020,Molecular (PCR) Positive Cases by Specimen Date,"1,486"
8/13/2020,Antigen Positive Cases by Specimen Date,78
8/13/2020,Deaths by Date of Death,22
8/14/2020,Cases by Report Date,"1,210"
8/14/2020,Molecular (PCR) Positive Cases by Specimen Date,"1,544"
8/14/2020,Antigen Positive Cases by Specimen Date,51
8/14/2020,Deaths by Date of Death,16
8/15/2020,Cases by Report Date,"1,662"
8/15/2020,Molecular (PCR) Positive Cases by Specimen Date,758
8/15/2020,Antigen Positive Cases by Specimen Date,33
8/15/2020,Deaths by Date of Death,26
8/16/2020,Cases by Report Date,"1,400"
8/16/2020,Molecular (PCR) Positive Cases by Specimen Date,628
8/16/2020,Antigen Positive Cases by Specimen Date,14
8/16/2020,Deaths by Date of Death,30
8/17/2020,Cases by Report Date,431
8/17/2020,Molecular (PCR) Positive Cases by Specimen Date,"1,996"
8/17/2020,Antigen Positive Cases by Specimen Date,118
8/17/2020,Deaths by Date of Death,32
8/18/2020,Cases by Report Date,"1,336"
8/18/2020,Molecular (PCR) Positive Cases by Specimen Date,"1,974"
8/18/2020,Antigen Positive Cases by Specimen Date,84
8/18/2020,Deaths by Date of Death,38
8/19/2020,Cases by Report Date,"1,218"
8/19/2020,Molecular (PCR) Positive Cases by Specimen Date,"1,730"
8/19/2020,Antigen Positive Cases by Specimen Date,82
8/19/2020,Deaths by Date of Death,26
8/20/2020,Cases by Report Date,"2,050"
8/20/2020,Molecular (PCR) Positive Cases by Specimen Date,"1,726"
8/20/2020,Antigen Positive Cases by Specimen Date,84
8/20/2020,Deaths by Date of Death,15
8/21/2020,Cases by Report Date,"2,075"
8/21/2020,Molecular (PCR) Positive Cases by Specimen Date,"1,762"
8/21/2020,Antigen Positive Cases by Specimen Date,86
8/21/2020,Deaths by Date of Death,27
8/22/2020,Cases by Report Date,"1,781"
8/22/2020,Molecular (PCR) Positive Cases by Specimen Date,849
8/22/2020,Antigen Positive Cases by Specimen Date,43
8/22/2020,Deaths by Date of Death,28
8/23/2020,Cases by Report Date,"1,490"
8/23/2020,Molecular (PCR) Positive Cases by Specimen Date,782
8/23/2020,Antigen Positive Cases by Specimen Date,21
8/23/2020,Deaths by Date of Death,28
8/24/2020,Cases by Report Date,"1,389"
8/24/2020,Molecular (PCR) Positive Cases by Specimen Date,"2,187"
8/24/2020,Antigen Positive Cases by Specimen Date,144
8/24/2020,Deaths by Date of Death,23
8/25/2020,Cases by Report Date,"1,446"
8/25/2020,Molecular (PCR) Positive Cases by Specimen Date,"2,021"
8/25/2020,Antigen Positive Cases by Specimen Date,86
8/25/2020,Deaths by Date of Death,29
8/26/2020,Cases by Report Date,"1,342"
8/26/2020,Molecular (PCR) Positive Cases by Specimen Date,"1,752"
8/26/2020,Antigen Positive Cases by Specimen Date,83
8/26/2020,Deaths by Date of Death,21
8/27/2020,Cases by Report Date,"2,177"
8/27/2020,Molecular (PCR) Positive Cases by Specimen Date,"1,691"
8/27/2020,Antigen Positive Cases by Specimen Date,79
8/27/2020,Deaths by Date of Death,24
8/28/2020,Cases by Report Date,"1,479"
8/28/2020,Molecular (PCR) Positive Cases by Specimen Date,"1,547"
8/28/2020,Antigen Positive Cases by Specimen Date,76
8/28/2020,Deaths by Date of Death,27
8/29/2020,Cases by Report Date,"1,723"
8/29/2020,Molecular (PCR) Positive Cases by Specimen Date,835
8/29/2020,Antigen Positive Cases by Specimen Date,33
8/29/2020,Deaths by Date of Death,37
8/30/2020,Cases by Report Date,"1,952"
8/30/2020,Molecular (PCR) Positive Cases by Specimen Date,635
8/30/2020,Antigen Positive Cases by Specimen Date,25
8/30/2020,Deaths by Date of Death,25
8/31/2020,Cases by Report Date,"1,287"
8/31/2020,Molecular (PCR) Positive Cases by Specimen Date,"1,807"
8/31/2020,Antigen Positive Cases by Specimen Date,105
8/31/2020,Deaths by Date of Death,26
9/1/2020,Cases by Report Date,"2,209"
9/1/2020,Molecular (PCR) Positive Cases by Specimen Date,"1,622"
9/1/2020,Antigen Positive Cases by Specimen Date,110
9/1/2020,Deaths by Date of Death,30
9/2/2020,Cases by Report Date,"1,216"
9/2/2020,Molecular (PCR) Positive Cases by Specimen Date,"1,732"
9/2/2020,Antigen Positive Cases by Specimen Date,84
9/2/2020,Deaths by Date of Death,36
9/3/2020,Cases by Report Date,"1,716"
9/3/2020,Molecular (PCR) Positive Cases by Specimen Date,"1,534"
9/3/2020,Antigen Positive Cases by Specimen Date,85
9/3/2020,Deaths by Date of Death,24
9/4/2020,Cases by Report Date,"2,121"
9/4/2020,Molecular (PCR) Positive Cases by Specimen Date,"1,251"
9/4/2020,Antigen Positive Cases by Specimen Date,62
9/4/2020,Deaths by Date of Death,22
9/5/2020,Cases by Report Date,"1,586"
9/5/2020,Molecular (PCR) Positive Cases by Specimen Date,649
9/5/2020,Antigen Positive Cases by Specimen Date,30
9/5/2020,Deaths by Date of Death,25
9/6/2020,Cases by Report Date,"1,099"
9/6/2020,Molecular (PCR) Positive Cases by Specimen Date,610
9/6/2020,Antigen Positive Cases by Specimen Date,30
9/6/2020,Deaths by Date of Death,27
9/7/2020,Cases by Report Date,"1,039"
9/7/2020,Molecular (PCR) Positive Cases by Specimen Date,719
9/7/2020,Antigen Positive Cases by Specimen Date,40
9/7/2020,Deaths by Date of Death,29
9/8/2020,Cases by Report Date,833
9/8/2020,Molecular (PCR) Positive Cases by Specimen Date,"1,881"
9/8/2020,Antigen Positive Cases by Specimen Date,120
9/8/2020,Deaths by Date of Death,24
9/9/2020,Cases by Report Date,969
9/9/2020,Molecular (PCR) Positive Cases by Specimen Date,"1,524"
9/9/2020,Antigen Positive Cases by Specimen Date,112
9/9/2020,Deaths by Date of Death,21
9/10/2020,Cases by Report Date,"1,307"
9/10/2020,Molecular (PCR) Positive Cases by Specimen Date,"1,407"
9/10/2020,Antigen Positive Cases by Specimen Date,103
9/10/2020,Deaths by Date of Death,32
9/11/2020,Cases by Report Date,"1,610"
9/11/2020,Molecular (PCR) Positive Cases by Specimen Date,"1,262"
9/11/2020,Antigen Positive Cases by Specimen Date,90
9/11/2020,Deaths by Date of Death,26
9/12/2020,Cases by Report Date,"1,478"
9/12/2020,Molecular (PCR) Positive Cases by Specimen Date,664
9/12/2020,Antigen Positive Cases by Specimen Date,33
9/12/2020,Deaths by Date of Death,19
9/13/2020,Cases by Report Date,"1,220"
9/13/2020,Molecular (PCR) Positive Cases by Specimen Date,605
9/13/2020,Antigen Positive Cases by Specimen Date,44
9/13/2020,Deaths by Date of Death,24
9/14/2020,Cases by Report Date,948
9/14/2020,Molecular (PCR) Positive Cases by Specimen Date,"1,721"
9/14/2020,Antigen Positive Cases by Specimen Date,140
9/14/2020,Deaths by Date of Death,40
9/15/2020,Cases by Report Date,"1,210"
9/15/2020,Molecular (PCR) Positive Cases by Specimen Date,"1,494"
9/15/2020,Antigen Positive Cases by Specimen Date,121
9/15/2020,Deaths by Date of Death,22
9/16/2020,Cases by Report Date,"1,234"
9/16/2020,Molecular (PCR) Positive Cases by Specimen Date,"1,411"
9/16/2020,Antigen Positive Cases by Specimen Date,87
9/16/2020,Deaths by Date of Death,34
9/17/2020,Cases by Report Date,"1,632"
9/17/2020,Molecular (PCR) Positive Cases by Specimen Date,"1,283"
9/17/2020,Antigen Positive Cases by Specimen Date,114
9/17/2020,Deaths by Date of Death,26
9/18/2020,Cases by Report Date,"1,504"
9/18/2020,Molecular (PCR) Positive Cases by Specimen Date,"1,308"
9/18/2020,Antigen Positive Cases by Specimen Date,121
9/18/2020,Deaths by Date of Death,21
9/19/2020,Cases by Report Date,"1,239"
9/19/2020,Molecular (PCR) Positive Cases by Specimen Date,669
9/19/2020,Antigen Positive Cases by Specimen Date,39
9/19/2020,Deaths by Date of Death,17
9/20/2020,Cases by Report Date,"1,335"
9/20/2020,Molecular (PCR) Positive Cases by Specimen Date,597
9/20/2020,Antigen Positive Cases by Specimen Date,34
9/20/2020,Deaths by Date of Death,26
9/21/2020,Cases by Report Date,800
9/21/2020,Molecular (PCR) Positive Cases by Specimen Date,"1,737"
9/21/2020,Antigen Positive Cases by Specimen Date,155
9/21/2020,Deaths by Date of Death,29
9/22/2020,Cases by Report Date,"1,312"
9/22/2020,Molecular (PCR) Positive Cases by Specimen Date,"1,524"
9/22/2020,Antigen Positive Cases by Specimen Date,118
9/22/2020,Deaths by Date of Death,26
9/23/2020,Cases by Report Date,"1,101"
9/23/2020,Molecular (PCR) Positive Cases by Specimen Date,"1,461"
9/23/2020,Antigen Positive Cases by Specimen Date,105
9/23/2020,Deaths by Date of Death,23
9/24/2020,Cases by Report Date,"1,836"
9/24/2020,Molecular (PCR) Positive Cases by Specimen Date,"1,491"
9/24/2020,Antigen Positive Cases by Specimen Date,143
9/24/2020,Deaths by Date of Death,26
9/25/2020,Cases by Report Date,"1,693"
9/25/2020,Molecular (PCR) Positive Cases by Specimen Date,"1,225"
9/25/2020,Antigen Positive Cases by Specimen Date,133
9/25/2020,Deaths by Date of Death,26
9/26/2020,Cases by Report Date,"1,759"
9/26/2020,Molecular (PCR) Positive Cases by Specimen Date,762
9/26/2020,Antigen Positive Cases by Specimen Date,48
9/26/2020,Deaths by Date of Death,25
9/27/2020,Cases by Report Date,"1,290"
9/27/2020,Molecular (PCR) Positive Cases by Specimen Date,639
9/27/2020,Antigen Positive Cases by Specimen Date,44
9/27/2020,Deaths by Date of Death,29
9/28/2020,Cases by Report Date,868
9/28/2020,Molecular (PCR) Positive Cases by Specimen Date,"2,107"
9/28/2020,Antigen Positive Cases by Specimen Date,294
9/28/2020,Deaths by Date of Death,30
9/29/2020,Cases by Report Date,889
9/29/2020,Molecular (PCR) Positive Cases by Specimen Date,"1,809"
9/29/2020,Antigen Positive Cases by Specimen Date,191
9/29/2020,Deaths by Date of Death,31
9/30/2020,Cases by Report Date,"1,495"
9/30/2020,Molecular (PCR) Positive Cases by Specimen Date,"1,834"
9/30/2020,Antigen Positive Cases by Specimen Date,169
9/30/2020,Deaths by Date of Death,18
10/1/2020,Cases by Report Date,"2,277"
10/1/2020,Molecular (PCR) Positive Cases by Specimen Date,"1,815"
10/1/2020,Antigen Positive Cases by Specimen Date,184
10/1/2020,Deaths by Date of Death,17
10/2/2020,Cases by Report Date,"1,775"
10/2/2020,Molecular (PCR) Positive Cases by Specimen Date,"1,831"
10/2/2020,Antigen Positive Cases by Specimen Date,169
10/2/2020,Deaths by Date of Death,19
10/3/2020,Cases by Report Date,"2,202"
10/3/2020,Molecular (PCR) Positive Cases by Specimen Date,983
10/3/2020,Antigen Positive Cases by Specimen Date,95
10/3/2020,Deaths by Date of Death,27
10/4/2020,Cases by Report Date,610
10/4/2020,Molecular (PCR) Positive Cases by Specimen Date,818
10/4/2020,Antigen Positive Cases by Specimen Date,62
10/4/2020,Deaths by Date of Death,28
10/5/2020,Cases by Report Date,"2,258"
10/5/2020,Molecular (PCR) Positive Cases by Specimen Date,"2,468"
10/5/2020,Antigen Positive Cases by Specimen Date,293
10/5/2020,Deaths by Date of Death,26
10/6/2020,Cases by Report Date,"1,504"
10/6/2020,Molecular (PCR) Positive Cases by Specimen Date,"2,071"
10/6/2020,Antigen Positive Cases by Specimen Date,244
10/6/2020,Deaths by Date of Death,26
10/7/2020,Cases by Report Date,"1,711"
10/7/2020,Molecular (PCR) Positive Cases by Specimen Date,"1,919"
10/7/2020,Antigen Positive Cases by Specimen Date,244
10/7/2020,Deaths by Date of Death,25
10/8/2020,Cases by Report Date,"2,428"
10/8/2020,Molecular (PCR) Positive Cases by Specimen Date,"2,003"
10/8/2020,Antigen Positive Cases by Specimen Date,214
10/8/2020,Deaths by Date of Death,25
10/9/2020,Cases by Report Date,"2,034"
10/9/2020,Molecular (PCR) Positive Cases by Specimen Date,"1,807"
10/9/2020,Antigen Positive Cases by Specimen Date,203
10/9/2020,Deaths by Date of Death,27
10/10/2020,Cases by Report Date,"2,321"
10/10/2020,Molecular (PCR) Positive Cases by Specimen Date,937
10/10/2020,Antigen Positive Cases by Specimen Date,100
10/10/2020,Deaths by Date of Death,28
10/11/2020,Cases by Report Date,"1,719"
10/11/2020,Molecular (PCR) Positive Cases by Specimen Date,900
10/11/2020,Antigen Positive Cases by Specimen Date,78
10/11/2020,Deaths by Date of Death,20
10/12/2020,Cases by Report Date,"1,276"
10/12/2020,Molecular (PCR) Positive Cases by Specimen Date,"2,680"
10/12/2020,Antigen Positive Cases by Specimen Date,322
10/12/2020,Deaths by Date of Death,23
10/13/2020,Cases by Report Date,"1,734"
10/13/2020,Molecular (PCR) Positive Cases by Specimen Date,"2,376"
10/13/2020,Antigen Positive Cases by Specimen Date,281
10/13/2020,Deaths by Date of Death,32
10/14/2020,Cases by Report Date,"1,926"
10/14/2020,Molecular (PCR) Positive Cases by Specimen Date,"2,126"
10/14/2020,Antigen Positive Cases by Specimen Date,248
10/14/2020,Deaths by Date of Death,23
10/15/2020,Cases by Report Date,"2,532"
10/15/2020,Molecular (PCR) Positive Cases by Specimen Date,"2,098"
10/15/2020,Antigen Positive Cases by Specimen Date,281
10/15/2020,Deaths by Date of Death,23
10/16/2020,Cases by Report Date,"2,684"
10/16/2020,Molecular (PCR) Positive Cases by Specimen Date,"2,051"
10/16/2020,Antigen Positive Cases by Specimen Date,228
10/16/2020,Deaths by Date of Death,28
10/17/2020,Cases by Report Date,"2,102"
10/17/2020,Molecular (PCR) Positive Cases by Specimen Date,949
10/17/2020,Antigen Positive Cases by Specimen Date,113
10/17/2020,Deaths by Date of Death,34
10/18/2020,Cases by Report Date,"2,303"
10/18/2020,Molecular (PCR) Positive Cases by Specimen Date,849
10/18/2020,Antigen Positive Cases by Specimen Date,86
10/18/2020,Deaths by Date of Death,18
10/19/2020,Cases by Report Date,"1,144"
10/19/2020,Molecular (PCR) Positive Cases by Specimen Date,"2,777"
10/19/2020,Antigen Positive Cases by Specimen Date,336
10/19/2020,Deaths by Date of Death,41
10/20/2020,Cases by Report Date,"1,578"
10/20/2020,Molecular (PCR) Positive Cases by Specimen Date,"2,451"
10/20/2020,Antigen Positive Cases by Specimen Date,291
10/20/2020,Deaths by Date of Death,32
10/21/2020,Cases by Report Date,"1,842"
10/21/2020,Molecular (PCR) Positive Cases by Specimen Date,"2,445"
10/21/2020,Antigen Positive Cases by Specimen Date,234
10/21/2020,Deaths by Date of Death,35
10/22/2020,Cases by Report Date,"2,400"
10/22/2020,Molecular (PCR) Positive Cases by Specimen Date,"2,137"
10/22/2020,Antigen Positive Cases by Specimen Date,278
10/22/2020,Deaths by Date of Death,28
10/23/2020,Cases by Report Date,"2,716"
10/23/2020,Molecular (PCR) Positive Cases by Specimen Date,"2,199"
10/23/2020,Antigen Positive Cases by Specimen Date,253
10/23/2020,Deaths by Date of Death,21
10/24/2020,Cases by Report Date,"2,584"
10/24/2020,Molecular (PCR) Positive Cases by Specimen Date,"1,071"
10/24/2020,Antigen Positive Cases by Specimen Date,113
10/24/2020,Deaths by Date of Death,35
10/25/2020,Cases by Report Date,"1,807"
10/25/2020,Molecular (PCR) Positive Cases by Specimen Date,908
10/25/2020,Antigen Positive Cases by Specimen Date,94
10/25/2020,Deaths by Date of Death,32
10/26/2020,Cases by Report Date,"1,643"
10/26/2020,Molecular (PCR) Positive Cases by Specimen Date,"2,980"
10/26/2020,Antigen Positive Cases by Specimen Date,365
10/26/2020,Deaths by Date of Death,28
10/27/2020,Cases by Report Date,"2,141"
10/27/2020,Molecular (PCR) Positive Cases by Specimen Date,"2,427"
10/27/2020,Antigen Positive Cases by Specimen Date,247
10/27/2020,Deaths by Date of Death,28
10/28/2020,Cases by Report Date,"2,253"
10/28/2020,Molecular (PCR) Positive Cases by Specimen Date,"2,445"
10/28/2020,Antigen Positive Cases by Specimen Date,268
10/28/2020,Deaths by Date of Death,48
10/29/2020,Cases by Report Date,"2,885"
10/29/2020,Molecular (PCR) Positive Cases by Specimen Date,"1,983"
10/29/2020,Antigen Positive Cases by Specimen Date,261
10/29/2020,Deaths by Date of Death,38
10/30/2020,Cases by Report Date,"2,809"
10/30/2020,Molecular (PCR) Positive Cases by Specimen Date,"2,247"
10/30/2020,Antigen Positive Cases by Specimen Date,223
10/30/2020,Deaths by Date of Death,34
10/31/2020,Cases by Report Date,"2,805"
10/31/2020,Molecular (PCR) Positive Cases by Specimen Date,"1,066"
10/31/2020,Antigen Positive Cases by Specimen Date,101
10/31/2020,Deaths by Date of Death,33
11/1/2020,Cases by Report Date,"2,057"
11/1/2020,Molecular (PCR) Positive Cases by Specimen Date,937
11/1/2020,Antigen Positive Cases by Specimen Date,82
11/1/2020,Deaths by Date of Death,42
11/2/2020,Cases by Report Date,"1,336"
11/2/2020,Molecular (PCR) Positive Cases by Specimen Date,"3,114"
11/2/2020,Antigen Positive Cases by Specimen Date,409
11/2/2020,Deaths by Date of Death,39
11/3/2020,Cases by Report Date,"2,349"
11/3/2020,Molecular (PCR) Positive Cases by Specimen Date,"2,645"
11/3/2020,Antigen Positive Cases by Specimen Date,299
11/3/2020,Deaths by Date of Death,26
11/4/2020,Cases by Report Date,"2,425"
11/4/2020,Molecular (PCR) Positive Cases by Specimen Date,"2,610"
11/4/2020,Antigen Positive Cases by Specimen Date,253
11/4/2020,Deaths by Date of Death,32
11/5/2020,Cases by Report Date,"2,859"
11/5/2020,Molecular (PCR) Positive Cases by Specimen Date,"2,583"
11/5/2020,Antigen Positive Cases by Specimen Date,279
11/5/2020,Deaths by Date of Death,29
11/6/2020,Cases by Report Date,"2,908"
11/6/2020,Molecular (PCR) Positive Cases by Specimen Date,"2,411"
11/6/2020,Antigen Positive Cases by Specimen Date,286
11/6/2020,Deaths by Date of Death,31
11/7/2020,Cases by Report Date,"2,676"
11/7/2020,Molecular (PCR) Positive Cases by Specimen Date,"1,493"
11/7/2020,Antigen Positive Cases by Specimen Date,158
11/7/2020,Deaths by Date of Death,30
11/8/2020,Cases by Report Date,"2,094"
11/8/2020,Molecular (PCR) Positive Cases by Specimen Date,"1,383"
11/8/2020,Antigen Positive Cases by Specimen Date,140
11/8/2020,Deaths by Date of Death,35
11/9/2020,Cases by Report Date,"1,521"
11/9/2020,Molecular (PCR) Positive Cases by Specimen Date,"4,079"
11/9/2020,Antigen Positive Cases by Specimen Date,506
11/9/2020,Deaths by Date of Death,33
11/10/2020,Cases by Report Date,"2,582"
11/10/2020,Molecular (PCR) Positive Cases by Specimen Date,"3,401"
11/10/2020,Antigen Positive Cases by Specimen Date,388
11/10/2020,Deaths by Date of Death,28
11/11/2020,Cases by Report Date,"3,119"
11/11/2020,Molecular (PCR) Positive Cases by Specimen Date,"3,036"
11/11/2020,Antigen Positive Cases by Specimen Date,419
11/11/2020,Deaths by Date of Death,37
11/12/2020,Cases by Report Date,"2,893"
11/12/2020,Molecular (PCR) Positive Cases by Specimen Date,"3,236"
11/12/2020,Antigen Positive Cases by Specimen Date,460
11/12/2020,Deaths by Date of Death,36
11/13/2020,Cases by Report Date,"1,779"
11/13/2020,Molecular (PCR) Positive Cases by Specimen Date,"3,447"
11/13/2020,Antigen Positive Cases by Specimen Date,458
11/13/2020,Deaths by Date of Death,38
11/14/2020,Cases by Report Date,"3,885"
11/14/2020,Molecular (PCR) Positive Cases by Specimen Date,"1,795"
11/14/2020,Antigen Positive Cases by Specimen Date,204
11/14/2020,Deaths by Date of Death,32
11/15/2020,Cases by Report Date,"3,117"
11/15/2020,Molecular (PCR) Positive Cases by Specimen Date,"1,514"
11/15/2020,Antigen Positive Cases by Specimen Date,210
11/15/2020,Deaths by Date of Death,34
11/16/2020,Cases by Report Date,"1,972"
11/16/2020,Molecular (PCR) Positive Cases by Specimen Date,"4,678"
11/16/2020,Antigen Positive Cases by Specimen Date,665
11/16/2020,Deaths by Date of Death,35
11/17/2020,Cases by Report Date,"3,288"
11/17/2020,Molecular (PCR) Positive Cases by Specimen Date,"4,080"
11/17/2020,Antigen Positive Cases by Specimen Date,530
11/17/2020,Deaths by Date of Death,38
11/18/2020,Cases by Report Date,"3,367"
11/18/2020,Molecular (PCR) Positive Cases by Specimen Date,"3,495"
11/18/2020,Antigen Positive Cases by Specimen Date,476
11/18/2020,Deaths by Date of Death,35
11/19/2020,Cases by Report Date,"4,296"
11/19/2020,Molecular (PCR) Positive Cases by Specimen Date,"3,446"
11/19/2020,Antigen Positive Cases by Specimen Date,474
11/19/2020,Deaths by Date of Death,34
11/20/2020,Cases by Report Date,"3,688"
11/20/2020,Molecular (PCR) Positive Cases by Specimen Date,"3,345"
11/20/2020,Antigen Positive Cases by Specimen Date,450
11/20/2020,Deaths by Date of Death,38
11/21/2020,Cases by Report Date,"3,415"
11/21/2020,Molecular (PCR) Positive Cases by Specimen Date,"1,791"
11/21/2020,Antigen Positive Cases by Specimen Date,265
11/21/2020,Deaths by Date of Death,37
11/22/2020,Cases by Report Date,"4,514"
11/22/2020,Molecular (PCR) Positive Cases by Specimen Date,"1,469"
11/22/2020,Antigen Positive Cases by Specimen Date,251
11/22/2020,Deaths by Date of Death,48
11/23/2020,Cases by Report Date,"2,419"
11/23/2020,Molecular (PCR) Positive Cases by Specimen Date,"5,052"
11/23/2020,Antigen Positive Cases by Specimen Date,863
11/23/2020,Deaths by Date of Death,33
11/24/2020,Cases by Report Date,"3,100"
11/24/2020,Molecular (PCR) Positive Cases by Specimen Date,"4,154"
11/24/2020,Antigen Positive Cases by Specimen Date,647
11/24/2020,Deaths by Date of Death,30
11/25/2020,Cases by Report Date,"4,212"
11/25/2020,Molecular (PCR) Positive Cases by Specimen Date,"3,936"
11/25/2020,Antigen Positive Cases by Specimen Date,637
11/25/2020,Deaths by Date of Death,35
11/26/2020,Cases by Report Date,"4,174"
11/26/2020,Molecular (PCR) Positive Cases by Specimen Date,665
11/26/2020,Antigen Positive Cases by Specimen Date,100
11/26/2020,Deaths by Date of Death,36
11/27/2020,Cases by Report Date,"3,834"
11/27/2020,Molecular (PCR) Positive Cases by Specimen Date,"3,396"
11/27/2020,Antigen Positive Cases by Specimen Date,500
11/27/2020,Deaths by Date of Death,41
11/28/2020,Cases by Report Date,"3,444"
11/28/2020,Molecular (PCR) Positive Cases by Specimen Date,"2,652"
11/28/2020,Antigen Positive Cases by Specimen Date,409
11/28/2020,Deaths by Date of Death,45
11/29/2020,Cases by Report Date,"3,820"
11/29/2020,Molecular (PCR) Positive Cases by Specimen Date,"2,371"
11/29/2020,Antigen Positive Cases by Specimen Date,324
11/29/2020,Deaths by Date of Death,35
11/30/2020,Cases by Report Date,"2,734"
11/30/2020,Molecular (PCR) Positive Cases by Specimen Date,"7,307"
11/30/2020,Antigen Positive Cases by Specimen Date,"1,094"
11/30/2020,Deaths by Date of Death,34
12/1/2020,Cases by Report Date,"2,883"
12/1/2020,Molecular (PCR) Positive Cases by Specimen Date,"6,314"
12/1/2020,Antigen Positive Cases by Specimen Date,900
12/1/2020,Deaths by Date of Death,36
12/2/2020,Cases by Report Date,"4,199"
12/2/2020,Molecular (PCR) Positive Cases by Specimen Date,"5,737"
12/2/2020,Antigen Positive Cases by Specimen Date,801
12/2/2020,Deaths by Date of Death,38
12/3/2020,Cases by Report Date,"5,637"
12/3/2020,Molecular (PCR) Positive Cases by Specimen Date,"5,458"
12/3/2020,Antigen Positive Cases by Specimen Date,715
12/3/2020,Deaths by Date of Death,39
12/4/2020,Cases by Report Date,"5,303"
12/4/2020,Molecular (PCR) Positive Cases by Specimen Date,"5,275"
12/4/2020,Antigen Positive Cases by Specimen Date,824
12/4/2020,Deaths by Date of Death,43
12/5/2020,Cases by Report Date,"6,018"
12/5/2020,Molecular (PCR) Positive Cases by Specimen Date,"3,018"
12/5/2020,Antigen Positive Cases by Specimen Date,438
12/5/2020,Deaths by Date of Death,44
12/6/2020,Cases by Report Date,"6,438"
12/6/2020,Molecular (PCR) Positive Cases by Specimen Date,"2,140"
12/6/2020,Antigen Positive Cases by Specimen Date,362
12/6/2020,Deaths by Date of Death,45
12/7/2020,Cases by Report Date,"4,372"
12/7/2020,Molecular (PCR) Positive Cases by Specimen Date,"7,190"
12/7/2020,Antigen Positive Cases by Specimen Date,"1,165"
12/7/2020,Deaths by Date of Death,46
12/8/2020,Cases by Report Date,"4,670"
12/8/2020,Molecular (PCR) Positive Cases by Specimen Date,"6,080"
12/8/2020,Antigen Positive Cases by Specimen Date,814
12/8/2020,Deaths by Date of Death,55
12/9/2020,Cases by Report Date,"6,495"
12/9/2020,Molecular (PCR) Positive Cases by Specimen Date,"5,696"
12/9/2020,Antigen Positive Cases by Specimen Date,909
12/9/2020,Deaths by Date of Death,58
12/10/2020,Cases by Report Date,"5,556"
12/10/2020,Molecular (PCR) Positive Cases by Specimen Date,"5,609"
12/10/2020,Antigen Positive Cases by Specimen Date,"1,016"
12/10/2020,Deaths by Date of Death,62
12/11/2020,Cases by Report Date,"7,540"
12/11/2020,Molecular (PCR) Positive Cases by Specimen Date,"5,604"
12/11/2020,Antigen Positive Cases by Specimen Date,939
12/11/2020,Deaths by Date of Death,64
12/12/2020,Cases by Report Date,"6,153"
12/12/2020,Molecular (PCR) Positive Cases by Specimen Date,"3,066"
12/12/2020,Antigen Positive Cases by Specimen Date,503
12/12/2020,Deaths by Date of Death,71
12/13/2020,Cases by Report Date,"6,819"
12/13/2020,Molecular (PCR) Positive Cases by Specimen Date,"2,541"
12/13/2020,Antigen Positive Cases by Specimen Date,513
12/13/2020,Deaths by Date of Death,51
12/14/2020,Cases by Report Date,"4,770"
12/14/2020,Molecular (PCR) Positive Cases by Specimen Date,"7,501"
12/14/2020,Antigen Positive Cases by Specimen Date,"1,438"
12/14/2020,Deaths by Date of Death,69
12/15/2020,Cases by Report Date,"5,236"
12/15/2020,Molecular (PCR) Positive Cases by Specimen Date,"6,717"
12/15/2020,Antigen Positive Cases by Specimen Date,"1,091"
12/15/2020,Deaths by Date of Death,60
12/16/2020,Cases by Report Date,"5,273"
12/16/2020,Molecular (PCR) Positive Cases by Specimen Date,"5,440"
12/16/2020,Antigen Positive Cases by Specimen Date,995
12/16/2020,Deaths by Date of Death,71
12/17/2020,Cases by Report Date,"5,786"
12/17/2020,Molecular (PCR) Positive Cases by Specimen Date,"6,284"
12/17/2020,Antigen Positive Cases by Specimen Date,"1,123"
12/17/2020,Deaths by Date of Death,54
12/18/2020,Cases by Report Date,"8,444"
12/18/2020,Molecular (PCR) Positive Cases by Specimen Date,"5,795"
12/18/2020,Antigen Positive Cases by Specimen Date,"1,067"
12/18/2020,Deaths by Date of Death,64
12/19/2020,Cases by Report Date,"6,164"
12/19/2020,Molecular (PCR) Positive Cases by Specimen Date,"3,161"
12/19/2020,Antigen Positive Cases by Specimen Date,655
12/19/2020,Deaths by Date of Death,53
12/20/2020,Cases by Report Date,"6,900"
12/20/2020,Molecular (PCR) Positive Cases by Specimen Date,"2,385"
12/20/2020,Antigen Positive Cases by Specimen Date,590
12/20/2020,Deaths by Date of Death,56
12/21/2020,Cases by Report Date,"4,479"
12/21/2020,Molecular (PCR) Positive Cases by Specimen Date,"7,709"
12/21/2020,Antigen Positive Cases by Specimen Date,"1,575"
12/21/2020,Deaths by Date of Death,69
12/22/2020,Cases by Report Date,"5,255"
12/22/2020,Molecular (PCR) Positive Cases by Specimen Date,"5,681"
12/22/2020,Antigen Positive Cases by Specimen Date,"1,216"
12/22/2020,Deaths by Date of Death,71
12/23/2020,Cases by Report Date,"5,609"
12/23/2020,Molecular (PCR) Positive Cases by Specimen Date,"5,924"
12/23/2020,Antigen Positive Cases by Specimen Date,"1,213"
12/23/2020,Deaths by Date of Death,54
12/24/2020,Cases by Report Date,"7,703"
12/24/2020,Molecular (PCR) Positive Cases by Specimen Date,"3,427"
12/24/2020,Antigen Positive Cases by Specimen Date,653
12/24/2020,Deaths by Date of Death,67
12/25/2020,Cases by Report Date,"6,345"
12/25/2020,Molecular (PCR) Positive Cases by Specimen Date,725
12/25/2020,Antigen Positive Cases by Specimen Date,220
12/25/2020,Deaths by Date of Death,58
12/26/2020,Cases by Report Date,"5,371"
12/26/2020,Molecular (PCR) Positive Cases by Specimen Date,"3,908"
12/26/2020,Antigen Positive Cases by Specimen Date,901
12/26/2020,Deaths by Date of Death,62
12/27/2020,Cases by Report Date,"2,898"
12/27/2020,Molecular (PCR) Positive Cases by Specimen Date,"3,357"
12/27/2020,Antigen Positive Cases by Specimen Date,781
12/27/2020,Deaths by Date of Death,60
12/28/2020,Cases by Report Date,"3,888"
12/28/2020,Molecular (PCR) Positive Cases by Specimen Date,"10,089"
12/28/2020,Antigen Positive Cases by Specimen Date,"1,884"
12/28/2020,Deaths by Date of Death,86
12/29/2020,Cases by Report Date,"3,563"
12/29/2020,Molecular (PCR) Positive Cases by Specimen Date,"9,155"
12/29/2020,Antigen Positive Cases by Specimen Date,"1,811"
12/29/2020,Deaths by Date of Death,72
12/30/2020,Cases by Report Date,"8,551"
12/30/2020,Molecular (PCR) Positive Cases by Specimen Date,"8,830"
12/30/2020,Antigen Positive Cases by Specimen Date,"1,590"
12/30/2020,Deaths by Date of Death,81
12/31/2020,Cases by Report Date,"6,715"
12/31/2020,Molecular (PCR) Positive Cases by Specimen Date,"7,449"
12/31/2020,Antigen Positive Cases by Specimen Date,"1,407"
12/31/2020,Deaths by Date of Death,68
1/1/2021,Cases by Report Date,"9,527"
1/1/2021,Molecular (PCR) Positive Cases by Specimen Date,"2,701"
1/1/2021,Antigen Positive Cases by Specimen Date,679
1/1/2021,Deaths by Date of Death,97
1/2/2021,Cases by Report Date,"9,365"
1/2/2021,Molecular (PCR) Positive Cases by Specimen Date,"5,431"
1/2/2021,Antigen Positive Cases by Specimen Date,"1,210"
1/2/2021,Deaths by Date of Death,73
1/3/2021,Cases by Report Date,"6,487"
1/3/2021,Molecular (PCR) Positive Cases by Specimen Date,"3,954"
1/3/2021,Antigen Positive Cases by Specimen Date,"1,062"
1/3/2021,Deaths by Date of Death,74
1/4/2021,Cases by Report Date,"5,187"
1/4/2021,Molecular (PCR) Positive Cases by Specimen Date,"12,283"
1/4/2021,Antigen Positive Cases by Specimen Date,"2,483"
1/4/2021,Deaths by Date of Death,104
1/5/2021,Cases by Report Date,"5,285"
1/5/2021,Molecular (PCR) Positive Cases by Specimen Date,"9,610"
1/5/2021,Antigen Positive Cases by Specimen Date,"1,861"
1/5/2021,Deaths by Date of Death,74
1/6/2021,Cases by Report Date,"6,952"
1/6/2021,Molecular (PCR) Positive Cases by Specimen Date,"8,460"
1/6/2021,Antigen Positive Cases by Specimen Date,"1,622"
1/6/2021,Deaths by Date of Death,85
1/7/2021,Cases by Report Date,"10,398"
1/7/2021,Molecular (PCR) Positive Cases by Specimen Date,"7,687"
1/7/2021,Antigen Positive Cases by Specimen Date,"1,595"
1/7/2021,Deaths by Date of Death,86
1/8/2021,Cases by Report Date,"10,028"
1/8/2021,Molecular (PCR) Positive Cases by Specimen Date,"6,065"
1/8/2021,Antigen Positive Cases by Specimen Date,"1,077"
1/8/2021,Deaths by Date of Death,75
1/9/2021,Cases by Report Date,"11,581"
1/9/2021,Molecular (PCR) Positive Cases by Specimen Date,"3,844"
1/9/2021,Antigen Positive Cases by Specimen Date,815
1/9/2021,Deaths by Date of Death,75
1/10/2021,Cases by Report Date,"8,833"
1/10/2021,Molecular (PCR) Positive Cases by Specimen Date,"3,114"
1/10/2021,Antigen Positive Cases by Specimen Date,755
1/10/2021,Deaths by Date of Death,68
1/11/2021,Cases by Report Date,"5,936"
1/11/2021,Molecular (PCR) Positive Cases by Specimen Date,"8,765"
1/11/2021,Antigen Positive Cases by Specimen Date,"1,840"
1/11/2021,Deaths by Date of Death,89
1/12/2021,Cases by Report Date,"6,851"
1/12/2021,Molecular (PCR) Positive Cases by Specimen Date,"7,034"
1/12/2021,Antigen Positive Cases by Specimen Date,"1,292"
1/12/2021,Deaths by Date of Death,78
1/13/2021,Cases by Report Date,"5,098"
1/13/2021,Molecular (PCR) Positive Cases by Specimen Date,"6,508"
1/13/2021,Antigen Positive Cases by Specimen Date,"1,167"
1/13/2021,Deaths by Date of Death,82
1/14/2021,Cases by Report Date,"9,853"
1/14/2021,Molecular (PCR) Positive Cases by Specimen Date,"6,217"
1/14/2021,Antigen Positive Cases by Specimen Date,"1,198"
1/14/2021,Deaths by Date of Death,77
1/15/2021,Cases by Report Date,"8,914"
1/15/2021,Molecular (PCR) Positive Cases by Specimen Date,"5,614"
1/15/2021,Antigen Positive Cases by Specimen Date,"1,070"
1/15/2021,Deaths by Date of Death,102
1/16/2021,Cases by Report Date,"7,986"
1/16/2021,Molecular (PCR) Positive Cases by Specimen Date,"3,288"
1/16/2021,Antigen Positive Cases by Specimen Date,606
1/16/2021,Deaths by Date of Death,76
1/17/2021,Cases by Report Date,"6,811"
1/17/2021,Molecular (PCR) Positive Cases by Specimen Date,"2,567"
1/17/2021,Antigen Positive Cases by Specimen Date,618
1/17/2021,Deaths by Date of Death,66
1/18/2021,Cases by Report Date,"5,802"
1/18/2021,Molecular (PCR) Positive Cases by Specimen Date,"5,816"
1/18/2021,Antigen Positive Cases by Specimen Date,"1,382"
1/18/2021,Deaths by Date of Death,81
1/19/2021,Cases by Report Date,"4,058"
1/19/2021,Molecular (PCR) Positive Cases by Specimen Date,"6,137"
1/19/2021,Antigen Positive Cases by Specimen Date,"1,269"
1/19/2021,Deaths by Date of Death,87
1/20/2021,Cases by Report Date,"6,415"
1/20/2021,Molecular (PCR) Positive Cases by Specimen Date,"5,529"
1/20/2021,Antigen Positive Cases by Specimen Date,"1,009"
1/20/2021,Deaths by Date of Death,84
1/21/2021,Cases by Report Date,"7,187"
1/21/2021,Molecular (PCR) Positive Cases by Specimen Date,"5,048"
1/21/2021,Antigen Positive Cases by Specimen Date,"1,177"
1/21/2021,Deaths by Date of Death,70
1/22/2021,Cases by Report Date,"7,436"
1/22/2021,Molecular (PCR) Positive Cases by Specimen Date,"4,895"
1/22/2021,Antigen Positive Cases by Specimen Date,"1,031"
1/22/2021,Deaths by Date of Death,71
1/23/2021,Cases by Report Date,"7,181"
1/23/2021,Molecular (PCR) Positive Cases by Specimen Date,"2,860"
1/23/2021,Antigen Positive Cases by Specimen Date,616
1/23/2021,Deaths by Date of Death,61
1/24/2021,Cases by Report Date,"6,096"
1/24/2021,Molecular (PCR) Positive Cases by Specimen Date,"2,150"
1/24/2021,Antigen Positive Cases by Specimen Date,636
1/24/2021,Deaths by Date of Death,57
1/25/2021,Cases by Report Date,"4,633"
1/25/2021,Molecular (PCR) Positive Cases by Specimen Date,"5,977"
1/25/2021,Antigen Positive Cases by Specimen Date,"1,326"
1/25/2021,Deaths by Date of Death,74
1/26/2021,Cases by Report Date,"3,978"
1/26/2021,Molecular (PCR) Positive Cases by Specimen Date,"4,900"
1/26/2021,Antigen Positive Cases by Specimen Date,"1,101"
1/26/2021,Deaths by Date of Death,63
1/27/2021,Cases by Report Date,"5,587"
1/27/2021,Molecular (PCR) Positive Cases by Specimen Date,"4,451"
1/27/2021,Antigen Positive Cases by Specimen Date,925
1/27/2021,Deaths by Date of Death,74
1/28/2021,Cases by Report Date,"6,490"
1/28/2021,Molecular (PCR) Positive Cases by Specimen Date,"3,927"
1/28/2021,Antigen Positive Cases by Specimen Date,838
1/28/2021,Deaths by Date of Death,58
1/29/2021,Cases by Report Date,"6,959"
1/29/2021,Molecular (PCR) Positive Cases by Specimen Date,"3,968"
1/29/2021,Antigen Positive Cases by Specimen Date,830
1/29/2021,Deaths by Date of Death,60
1/30/2021,Cases by Report Date,"6,168"
1/30/2021,Molecular (PCR) Positive Cases by Specimen Date,"2,103"
1/30/2021,Antigen Positive Cases by Specimen Date,612
1/30/2021,Deaths by Date of Death,47
1/31/2021,Cases by Report Date,"4,899"
1/31/2021,Molecular (PCR) Positive Cases by Specimen Date,"1,576"
1/31/2021,Antigen Positive Cases by Specimen Date,553
1/31/2021,Deaths by Date of Death,50
2/1/2021,Cases by Report Date,"3,776"
2/1/2021,Molecular (PCR) Positive Cases by Specimen Date,"4,749"
2/1/2021,Antigen Positive Cases by Specimen Date,"1,157"
2/1/2021,Deaths by Date of Death,46
2/2/2021,Cases by Report Date,"2,926"
2/2/2021,Molecular (PCR) Positive Cases by Specimen Date,"3,732"
2/2/2021,Antigen Positive Cases by Specimen Date,857
2/2/2021,Deaths by Date of Death,35
2/3/2021,Cases by Report Date,"12,079"
2/3/2021,Molecular (PCR) Positive Cases by Specimen Date,"3,515"
2/3/2021,Antigen Positive Cases by Specimen Date,810
2/3/2021,Deaths by Date of Death,26
2/4/2021,Cases by Report Date,"5,495"
2/4/2021,Molecular (PCR) Positive Cases by Specimen Date,"2,892"
2/4/2021,Antigen Positive Cases by Specimen Date,697
2/4/2021,Deaths by Date of Death,25
2/5/2021,Cases by Report Date,"5,547"
2/5/2021,Molecular (PCR) Positive Cases by Specimen Date,"1,964"
2/5/2021,Antigen Positive Cases by Specimen Date,363
2/5/2021,Deaths by Date of Death,7
2/6/2021,Cases by Report Date,"4,172"
2/6/2021,Molecular (PCR) Positive Cases by Specimen Date,629
2/6/2021,Antigen Positive Cases by Specimen Date,210
2/6/2021,Deaths by Date of Death,1
2/7/2021,Cases by Report Date,"4,674"
2/7/2021,Molecular (PCR) Positive Cases by Specimen Date,
2/7/2021,Antigen Positive Cases by Specimen Date,
2/7/2021,Deaths by Date of Death,
2/8/2021,Cases by Report Date,"3,084"
2/8/2021,Molecular (PCR) Positive Cases by Specimen Date,
2/8/2021,Antigen Positive Cases by Specimen Date,
2/8/2021,Deaths by Date of Death,
